<?xml version="1.0" encoding="UTF-8"?>
<trail version="1.1" name="0101">
    <steps>
        <step type="context">
            <blocks>
                <block type="title">
                    <title id="eTs-Q7-PXt">Buttons</title>
                    <text id="AIi-rw-qyq">A <cv>Button</cv> is an object on the screen that responds to an Action. You can customise buttons by setting the title, image, and other modifiers of a button.</text>
                </block>
                <block type = "image" source="2-Button.png">
                    <description id="8B4-tE-t7Z">Picture of Buttons.</description>
                </block>
                <block type="text">
                    <text>You can create simple buttons in SwiftUI with a <cv>Title</cv> and an <cv>Action</cv>.
                        • The <cv>Title</cv> is the text the user would actually see, in the case of the image above, <cv>"Click Me!"</cv> is the title.
                        • The <cv>Action</cv> is what happens when the button is clicked. In the case of the code snippet below, it prints out a statement.</text>
                </block>
                <block type="text">
                    <code>Button(&lt;#"Click Me!"#&gt;) {
                        print("Oh no! I've been clicked!")
                        }
                    </code>
                </block>
                <block type="buttons" alignment="trailing">
                    <button href="@nextStep" symbol="arrow.right.circle.fill">
                        <text id="kpy-PH-Cip">Next</text>
                    </button>
                </block>
            </blocks>
        </step>
        
        <step type="context">
            <blocks>
                <block type="title">
                    <title id="eTs-Q7-PXt">Customizing Backgrounds</title>
                    <text id="AIi-rw-qyq">You can customize buttons using modifiers. These modifiers allow you to edit attributes such as background color, foreground color (or text color) and fonts.</text>
                </block>
                <block type="text">
                    <text>
                        You can easily change a button's background color using <cv>.background(Color.blue)</cv>. However, as you can see in the image below, it looks strange.
                    </text>
                </block>
                <block type = "image" source="2-SadBackground.jpeg">
                    <description id="8B4-tE-t7Z">Picture of Button Comparison.</description>
                </block>
                <block type="text">
                    <text>
                        Using <cv>.background(Color.blue)</cv> alone has the background too close to the buttons making it look less like a button and more like a highlight.
                        
                        We can add some <cv>.padding()</cv> to fix that.
                    </text>
                </block>
                <block type="text">
                    <code>
                        Button("Click Me!") {
                        print("Oh no! I've been clicked!")
                        }
                        .padding()
                        .background(Color.blue)
                    </code>
                </block>
                <block type="text">
                    <text>
                        Now we can get a nice button with sufficient padding.
                    </text>
                </block>
                <block type = "image" source="2-SadNoMore.jpeg">
                    <description id="8B4-tE-t7Z">Working button.</description>
                </block>
                <block type="buttons" alignment="trailing">
                    <button href="@nextStep" symbol="arrow.right.circle.fill">
                        <text id="kpy-PH-Cip">Next</text>
                    </button>
                </block>
            </blocks>
        </step>
        <step type="context">
            <blocks>
                <block type="title">
                    <title id="eTs-Q7-PXt">Button Title Color</title>
                    <text id="AIi-rw-qyq">You can customize buttons using various modifiers. To change the title color, or foreground color, it's easier than background color where you do not need to bother about padding.</text>
                </block>
                <block type="text">
                    <text>
                        There is no <cv>.titleColor(.red)</cv> or <cv>.textColor(.red)</cv> when dealing with <cv>Button</cv>s in SwiftUI. In SwiftUI, we use <cv>.foregroundColor(.red)</cv>. It's fairly simple to implement something like this.
                    </text>
                </block>
                <block type="text">
                    <code>
                        Button("Click Me!") {
                        print("Oh no! I've been clicked!")
                        }
                        .foregroundColor(.red)
                    </code>
                </block>
                <block type = "image" source="4-ColoredButtons.jpeg">
                    <description id="8B4-tE-t7Z">Picture of Buttons.</description>
                </block>
                <block type="buttons" alignment="trailing">
                    <button href="@nextStep" symbol="arrow.right.circle.fill">
                        <text id="kpy-PH-Cip">Next</text>
                    </button>
                </block>
            </blocks>
        </step>
        <step type="context">
            <blocks>
                <block type="title">
                    <title id="eTs-Q7-PXt">VStacks</title>
                    <text id="AIi-rw-qyq">VStacks allow you to customize how your content is shown by stacking your content vertically.</text>
                </block>
                <block type="text">
                    <text>
                        <cv>VStack</cv> allows you to order UI elements vertically. Basically, stacking them on top of one another.
                    </text>
                </block>
                <block type="text">
                    <code>
                        VStack {
                            &lt;#Text("🍌🍌")#&gt;
                            &lt;#Text("🍏🍏")#&gt;
                            &lt;#Text("🍑🍑")#&gt;
                        }
                    </code>
                </block>
                <block type = "image" source="5-VStack.png">
                    <description id="8B4-tE-t7Z">Picture of Buttons.</description>
                </block>
                <block type="text">
                    <text>
                        You can also modify the spacing of the elements in your <cv>VStack</cv> by setting it in the declaration as shown below.
                    </text>
                </block>
                <block type="text">
                    <code>
                        VStack(spacing: &lt;#32#&gt;) {
                            Text("🍌🍌")
                            Text("🍏🍏")
                            Text("🍑🍑")
                        }
                    </code>
                </block>
                <block type = "image" source="5-VStackSpace.png">
                    <description id="8B4-tE-t7Z">Picture of Buttons.</description>
                </block>
                <block type="buttons" alignment="trailing">
                    <button href="@nextStep" symbol="arrow.right.circle.fill">
                        <text id="kpy-PH-Cip">Next</text>
                    </button>
                </block>

            </blocks>
        </step>
        <step type="context">
            <blocks>
                <block type="title">
                    <title id="eTs-Q7-PXt">HStacks</title>
                    <text id="AIi-rw-qyq">HStacks allow you to customize how your content is shown by stacking your content horizontally.</text>
                </block>
                <block type="text">
                    <text>
                        <cv>HStack</cv>s allow you to order UI elements horizontally. Basically, placing them next to one another.
                    </text>
                </block>
                <block type="text">
                    <code>
                        HStack {
                            &lt;#Text("🍌🍌")#&gt;
                            &lt;#Text("🍏🍏")#&gt;
                            &lt;#Text("🍑🍑")#&gt;
                        }
                    </code>
                </block>
                <block type = "image" source="6-HStack.png">
                    <description id="8B4-tE-t7Z">Picture of Buttons.</description>
                </block>
                <block type="text">
                    <text>
                        You can also modify the spacing of the elements in your <cv>HStack</cv> by setting it in the declaration as shown below.
                    </text>
                </block>
                <block type="text">
                    <code>
                        HStack(spacing: &lt;#32#&gt;) {
                            Text("🍌🍌")
                            Text("🍏🍏")
                            Text("🍑🍑")
                        }
                    </code>
                </block>
                <block type = "image" source="6-HStackSpace.png">
                    <description id="8B4-tE-t7Z">Picture of Buttons.</description>
                </block>
                <block type="buttons" alignment="trailing">
                    <button href="@nextStep" symbol="arrow.right.circle.fill">
                        <text id="kpy-PH-Cip">Next</text>
                    </button>
                </block>
            </blocks>
        </step>
        <step type="context">
            <blocks>
                <block type="title">
                    <title id="eTs-Q7-PXt">@State Variables</title>
                    <text id="AIi-rw-qyq">Modifying a <cv>@State</cv> variable causes the body of the view to be recomputed.</text>
                </block>
                <block type="text">
                    <text>
                        Basically, updating or modifying a <cv>@State</cv> variable will reload the any views that use it. Thus, this allows you to create dynamic pieces of text that update on button press.
                    </text>
                </block>
                <block type="text">
                    <code>
                        struct Clicker: View {
                            
                            &lt;#@State var counter: Int = 0#&gt;

                            var body: some View {
                                VStack {
                                    Text("\(counter) 🍪 consumed")

                                    Button("Eat more cookies") {
                                        counter += 1
                                    }
                                }
                            }
                        }
                    </code>
                </block>
                <block type="text">
                    <text>
                        Dismiss this screen to by tapping the <cv>x</cv> at the top to continue.
                    </text>
                </block>
            </blocks>
        </step>
    </steps>
</trail>
